當下	0.06277541516984718
鐵牛	6.700475278905832
好心	1.0913709770779172
五千	2.8715581492759323
八面玲瓏	38.36131221851726
依舊	4.477296118727505
佛身	1.3027457611098952
三千	3.3266434908643263
鼓腹	6.814641762794645
青山	5.055232749423183
道光	-1.752497143148859
證明	1.6538712736521084
示眾	2.9817300760428873
衲僧	8.817943602906727
惡水	0.018573343496399903
平實	-0.7812269820042093
參透	6.17897081004891
餘年	3.739978920151459
草鞋	11.08040848758037
善用	-0.7996299367814295
免得	1.8215643325527648
車行	0.12199753659656602
出眾	-0.011666622596149591
欲火	1.2804009027134384
思量	4.163852938790575
及至	0.25657060981036445
太阿	-0.5728332029298281
三七	0.64489779889921
性空	3.3359450706948643
讚歎	10.022233082119476
禪床	6.218655719524099
彌勒	10.087127649388464
不解	0.8923345040656293
超群	5.745061411367864
三皇	2.457483098515038
未曾	7.477862176592764
打劫	1.0995519147038328
而已	1.85495003871933
固有	-1.0661272794569725
碧巖	9.268103901233838
斬斷	2.9908043119215986
方便	7.5144717790459
後設	-0.40235154924084826
養子	-0.5312955902853765
樣子	5.441822253026756
落草	4.493338323897221
下口	0.12920338485438254
虎頭	4.805996555980823
不會	1.178983913030521
荊棘	13.27424021909254
靜心	-0.13085731517962307
事界	-4.9187093493301495
大似	1.0516931695219556
正路	3.534578261642447
凡夫	9.510198022970215
南方	4.023367629282138
焉知	2.3928798319714937
大自在	8.042490658628179
化作	3.3751589986913104
敬重	5.271089529267468
眼前	-0.48533619500991587
夢見	4.584237686851489
一境	1.0301719629473833
推測	4.54869637590029
樂業	-1.8640215073100161
正當	1.259581191653406
大丈夫	14.737702930772295
難得	2.463349338421088
信道	-0.8729999974351595
合子	-2.0703232203035746
隔絕	6.464498885305428
大覺	0.9144567189412458
打殺	5.559345664681892
黃龍	6.431383204430924
集成	1.6530644160688184
罵人	1.024422787367855
無有	2.0387069992949254
說法	2.7496134478804195
曹山	7.304703294895949
六十	2.7645779009403113
飄蕩	9.955056593256609
德山	3.1453735625077996
須要	2.1179282018614125
平常	1.3454489679892243
持論	-0.8223604655870546
伎倆	14.510843194176337
世諦	3.689790099228809
不敢	5.254960098996408
拂拭	11.703516297186418
夫子	1.6162369533153051
老婆心切	16.50353402728248
箭鋒相拄	31.2100862794825
參請	4.331309355461033
秋收冬藏	31.876362366423916
後人	0.08634938292544887
多種	1.690475844034011
汗馬	5.8393123709592025
海神	2.9831136495473785
只得	2.2458890359236166
中盤	-0.3848978140412985
只是	3.8019120951283565
之下	0.006070053681381247
三門	0.7668048779886001
同參	3.6433311091478844
五比丘	9.350787971377432
孟津	10.290811521623095
碧巖集	17.978104384642222
潑水	7.225123434585818
圈繢	15.618701962059033
探竿影草	37.326457432420845
解會	-0.08506684119786241
方能	1.5900176078295167
射殺	6.295682193301304
龍頭	2.3016251857155545
命脈	4.316711210986268
拂子	6.449790283799023
靠山	8.4977046992501
相應	5.0876882132135535
至道無難	12.13009583403024
老婆	2.900209733712582
三百六十會	20.125962610134337
求人	-0.02375179996591897
訓練	2.5339845540277715
殺戮	9.267256158513598
贏得	6.0368140298273305
上士	1.6717864584866229
草木	9.359165863683662
見處	0.14728100780824857
順風	3.575451727085891
中道	2.1007054888730456
三月	2.8957139486270784
安穩	8.949488620802056
獨尊	2.1660264666262665
學者	2.005204806309649
江西	7.017131982429424
相識	-0.6573572818679443
約法	1.5405774816708144
如此	1.544414065719008
胸中	3.7446477747108604
乙巳	13.129259240788967
上周	-0.9338534699169762
決不	-1.169106140302971
平鋪	4.3531503065382795
種種	6.117857136670121
語言	3.7950331507255175
也好	-0.3569180115908747
人我	-1.706748315682234
徹底	7.117034438251719
天地	2.499583480068415
大凡	-0.2732307017538056
置於	3.8034731129218815
纖毫	12.383515325249345
點心	0.7908366618618381
自在	5.551269949653874
流布	6.820289372987388
一字禪	2.9750781460994236
布施	8.722352647284545
本末	5.970449878621992
血脈	10.370292728652068
禪門	1.7780984431768736
寒毛	3.379275657988164
消去	1.9390782823795485
人種	-2.135575278727527
攀緣	8.037998144517944
一點	3.215808902579599
云何	6.157797207387918
走向	4.835283581426885
眼睛	9.383743290168121
做作	1.294161974326805
可謂	1.4901002096112381
不少	0.16158048190410707
二老	-0.5289915360018564
十二分教	15.13087573138658
兩手	6.197973340733864
改頭換面	29.26302208727997
宗風	3.829679851053644
一有多種	6.490167252240544
好看	4.860017809007501
便是	-0.15526670281808685
說道	-1.2229776731818203
分外	-0.23381559795956738
靈泉禪院	24.959984461646528
惺惺	15.660419936137913
太廉纖生	26.337686415966473
坐斷	2.020138020232096
嘮嘮	17.189618642118816
利益	7.605371175525732
分疎	3.567453873030213
頌古	2.9999188892461333
鑽研	10.395954666454694
繫縛	8.100348477806035
明日	2.690009820348156
看看	7.136252599008828
掃除	6.635212593552519
四千	4.076825535489081
微塵	8.452479452322084
蠛蠓	21.352388262313557
禪和子	8.706008254297771
西堂	4.39514338989034
一切	6.079811356685059
真假	0.9529261074998301
上堂	6.632976476261916
釋子	2.7651244406435365
普照	7.699451628838579
殺人不眨眼	33.32369647930402
建炎	6.810731986836644
山河	5.901803437990145
開門	2.4088363314416923
卷第一	9.120643569462379
喃喃	9.3527372732158
出世間法	16.595947721527573
人道	-0.6192747934127038
廓然	6.863812612157668
一句	3.1500924981750624
不如	-0.2892817127672201
一直	-0.7141738738388463
千古	3.6320805191912293
接嘴	8.13945440521613
三教	1.1773277241110893
日日是好日	24.379519372010886
為什麼	15.31180230640456
無奈	-0.002109220593691517
啞子	3.143895724770312
豈不	3.673113223928324
三級	3.227383539419941
行市	1.2829165454440454
不立	1.3589972666970995
不再	1.4063226768894466
劫奪	7.053244284862169
不可	4.597404297782599
見人	-0.5189263399157025
親近	9.262626787928024
南宗	1.0619623428704252
文殊	6.890653005166284
法眼	1.3699698029302902
百丈	6.130504687158408
可以	1.5332751373392244
凜凜	17.50866292880575
自殺	2.6767917505841927
大善知識	13.678482179369851
知見	1.9424693011999368
內外	6.940662433176466
禪宗	3.44994167166155
受用	4.757360505545157
人相	-1.1846739040111247
見解	-0.35093106563946147
生意	-1.425794478771964
打開	3.3100638646371903
守株待兔	35.276415297144624
數人	0.8378916827317062
打成一片	22.900340349525713
古今	6.43040856665072
超聲	1.7739264497784872
罪過	3.4804830150564787
賓主	7.440438163426098
老子	4.33036933428717
嶺南	6.377559205359944
猛利	6.483074749047341
叨叨	13.105978290729562
隔山	3.536403346649675
突出	2.308204978573083
五蘊	6.083632091141715
接人	2.004121494002419
地獄	8.212042359926073
妄想	6.874622188767099
門首	1.4584153167719232
何不	-0.19966723774133627
寧靜	2.1062727593799306
作賊	2.5773665022287084
穿過	4.209167879770701
勘破	7.359454551403581
落地	2.620339755339753
相見	0.83882129915125
歸敬	4.675996221504935
恁麼	11.765716610062722
指令	-0.0890910501317221
當陽	3.1422919432676726
正眼	-0.10408125665574704
天花	2.338063250058749
放光般若經	26.734003420850573
好惡	4.315983733829159
暴亂	5.238656364754472
未嘗	7.586679672225237
因此	1.2483491433075578
三皇五帝	19.600024877535482
知過必改	20.25481083211111
方名	0.5146893702380978
過患	7.4769645815834975
臨時	2.6480740833928884
面壁	7.105409836442702
初八	0.10731263785176419
奇特	10.631258967779663
三身	0.4279412446736873
得佛	0.28950798424088703
盡力	1.878594527507263
大地	2.361498497938108
前事	0.23014052485304176
三軍	0.09588422485127904
昂頭	5.29968411836202
奉使	2.0116021438314067
洞山	8.337699280763845
窮諸玄辯	21.532924228827056
明察	-0.03477339977128737
深潭	4.283345083454767
師子吼	16.672230659316412
普通	2.6891496629674285
不識	0.78615431509108
二百	2.75125953948602
完全	8.400707188297343
搜求	6.187200434278691
端居	3.345580807173815
轉生	0.18298093688999711
大智	1.4586674825978037
詐死	2.0407409064997823
無礙	4.651728700496334
未可	1.105571372691672
過來	-2.972768696653488
殺人	2.9635837297203453
闍梨	8.499935879550767
規矩	12.500574910090979
八字	1.9359364574193785
不肯	5.6699498091512925
法界	3.404228073132127
慧超	2.858558658677052
五帝	1.1824933442856804
注脚	5.650757435789643
二十	2.3156465909888
遭罪	3.50919659728144
侍立	4.893476210006366
截斷	5.352672382224511
之際	2.340401889231551
耕夫	6.24234848715959
如是	4.671958671480277
神通	6.869199760839921
不許	3.2965277428700723
道德	1.6084823475894223
見性	0.49392153179778386
思惟	9.393430927037851
不足	0.9031968408108052
充塞	7.224425214628293
師子	4.454597174588099
珍重	6.489218696148609
青天白日	19.470840441662766
驚動	5.006871724224654
韶陽	9.798046253411888
修行	5.0282799538166785
碧巖錄	17.61589598520483
相罵	2.473773431621626
某甲	11.851750469434412
教壞	-1.9282395983378264
道生	-1.2419926751158117
東坡	10.49663531584276
白日	1.5736549473518622
舊時	0.7890412270872738
出身	-0.8216145460061045
下放	-0.7326334556542627
到來	1.3288556952230908
東單	-0.5145919395804945
虛空	7.5476989773758225
第二	4.721052202391814
合眼	-0.06776345741940294
縱目	2.4887355042496986
艱難	8.265770126449382
身處	-0.4037174103535649
菩提	6.166052518519327
喪身	4.741790312978747
放過	3.3771424512193424
不問	-0.09087850858926787
法空	-0.038457752554035635
便道	-0.3339811119418142
交涉	10.17950610461881
點字	0.7608431505696744
出海	0.4370077954493233
不妨	3.8076711648543804
決定	8.472444212119184
信心銘	12.908762957679903
昔年	2.196841208929781
意根	2.863110483706773
光明	6.445398020364189
一百	2.7209163191303487
大悟	2.1293074298260812
不遇	1.4483217120863288
大難	-1.1608669881852753
目機銖兩	31.34684448671303
天下	3.8631397565431476
驚天動地	19.142765361551145
後面	0.6941413193936511
宋雲	4.959462313806417
恐龍	-0.0716788200593864
交加	4.262991416064473
輕輕	3.657852401808637
後得智	7.883954949433406
鷂子	6.259372942190248
面壁九年	24.47209540510656
存亡	7.843419686531646
凝滯	9.623113977627142
上月	-2.3359995140645315
武帝	7.884326186531261
安排	6.364121765537274
年歲	5.952289714051128
徹骨	7.738811132477116
獨步	7.261147737635505
一星事	6.519699098570412
不容	2.128979250726272
東西南北	27.95335457710843
鵝湖	11.319691238943346
到處	2.465867789417156
兩面	2.638122559705472
新鮮	5.645417047948061
有無	0.1276311811417932
却是	0.4592060711270622
丙丁童子	28.464174478763724
誘引	6.437036017044347
再生	1.440601348040439
傷殘	5.486947693465884
實地	-1.9339598317227127
作家	1.0270487239256223
帶累	7.932429439952384
拖泥帶水	33.36878825801124
座主	4.698283705516147
境界	6.557841755515458
河南	4.403383312801305
聖諦	5.384058928615353
佛果圜悟禪師碧巖錄	87.65512203777226
相續	7.108505291600681
摧折	9.436780604976757
經疏	1.2584274233591395
既是	1.5666297766691588
清淨	7.958784898131852
全機	5.371873875088946
渾身	4.167694410714043
三毒	4.400218367830331
江南	6.644520429247812
全真	3.0931753144864844
逡巡	16.044796345645942
獅子	7.889626063799958
鼻孔	7.842573009248851
意識	4.551653538456349
道中	0.5327868387053055
剎那	8.002659285993873
巴鼻	8.675486464947095
證悟	3.824154600923174
後頭	-1.6467657834820988
有用	-0.2704885715308658
生生	-1.019690862148505
有人	1.6649147603619099
莫道	1.1058025399372267
未免	6.006384742293557
雷聲	5.56074960614998
黃金	6.882579979854846
一路	0.962177619709457
禪師	6.951687289573744
元年	8.4533605327675
揀擇	9.72377151200015
道友	1.0579885232415822
東門	3.2203136998456547
家珍	2.0336815775871333
焚香	7.671291197157125
方回	-0.7943309127716671
毒藥	7.798572187280347
節角	3.5430864876379937
之中	2.082071943503512
彈指	10.10735618800691
一等	-2.5671725401734355
後魏	6.123749995002331
如何	2.533262559367613
平穩	5.396871683967597
宗旨	6.935344381540238
五百	5.941765743634111
郎當	2.667946278285925
堅固	11.307229973326555
妙覺	3.9430360238028523
舌頭	4.769740088000147
拔萃	9.96001934138059
學人	2.514034254348593
終身	2.6384952575849194
家風	3.955388600498367
四十二章經	24.815606530171653
官府	8.458272935006267
在位	2.4890796325032243
開戶	6.144358790255257
三字禪	2.1169577108932804
尋常	3.885792539201755
手脚	6.737331885307758
一般	-1.5353059529269313
如實	3.0357373755600903
東家	1.7966721564798864
不住	1.8855542975423094
風行	0.12348891206244182
眉毛	8.837537648013901
世間法	8.384175416103883
舊曆	3.7133657345124544
鬼神	7.8923794830909175
羚羊	13.723388500200485
方丈	5.428960645049992
明心	-0.6216727085466446
爛泥	5.525070092818612
放大光明	21.955492452711187
年來	-0.03843620120949037
請益	4.141061235188378
開堂	5.021925680208447
足下	2.8238667815709757
枯木裏龍吟	46.67484386361413
摸索	9.86783290258563
鐘聲	6.490971869823877
萬古	4.108777913845122
一隻眼	13.923302779139085
用作	0.4010558449635976
玄妙	4.717394654853702
虎口	5.093481596019556
文字	5.971752526594675
解道	-1.7855787533908747
清明	-0.9012638934371491
魔軍	7.994122943073603
還有	1.0250095646616786
打破	5.59663417082444
妄語	6.509812964701702
掠虛頭漢	25.84409209987685
西江	4.912795322614689
露風	1.4961345576798508
這些	10.449556326733099
評唱	6.426810749161825
不曾	1.96677487345567
生處	0.9411869623906141
愛問	-3.9828806326958914
師兄	3.357763454265808
一代	1.7303788224698073
佛心印	6.005453857435576
寂滅	6.626563108749429
轉身	1.3114977268660148
三句	2.858325555603156
曠劫	7.215197220093549
祖師	6.028452512419916
無邊	4.867772363384938
言語	2.48012914572532
不宜	1.7956357786026964
金剛經	11.261766861477804
金剛喻定	24.315779487740905
不能	3.6377780812765725
人家	-0.03767865504563542
自家	0.47884816437738026
得名	1.2176090793825458
時時	-0.5905051684127621
大慧禪師	16.26158556811251
慈悲	8.49154359720103
溈山	9.92671615412863
師傅	4.371515995772695
英靈	7.320348560188896
龍門	1.9418199128002473
律師	4.762972265597093
牧牛	10.85164963269654
不得已	3.8830533657952224
化緣	0.4970217684870101
睦州	11.18411986437641
如今	0.4831556106870791
變則	-0.42310523193043864
往往	3.926050247711918
無限	4.304236128552896
極好	3.7406437076732324
大王	3.422154547742463
為人	0.839272059408917
所見	1.8067581765026113
胡亂	4.327827078993392
真如	4.415389567255506
梁武帝	20.03032892043409
歸家穩坐	26.436363943271047
七穿八穴	27.772423521679716
不受	1.662846282332377
比丘	8.928571021892191
不同	3.2942186192045098
回首	6.665515923021173
因緣	6.512725692599006
著眼	2.464501463963008
不管	1.401745483170439
付囑	12.47260859321849
一喝不作一喝用	45.20790415181349
悲歎	3.5285433563557325
東土	4.026622343030897
三乘	4.106165462423618
干涉	6.0270057530290755
本性	4.587399776259371
參禪	5.945069104145554
盲引眾盲	24.505713350798768
不了	2.230676871910721
興兵	6.461918152202427
東堂	3.0987770507625343
種族	5.5353743268380455
便宜	2.7380238194455293
萬劫	5.532724913437771
百花	1.0920187797368126
登山	5.285205406784059
入院	2.952977298389444
鐵餕饀	33.773187994859626
南門	1.3258230876080959
決勝千里	20.68782259258447
一本	-0.6439323677846028
王侯	5.198342797725018
十六	3.865588844573023
乾坤	12.809147348146558
光照	5.411166167684126
接引	6.003612463597786
前言	-0.15439349451635084
釋氏	5.928393128776688
執法	-0.7817063842158243
仁義	4.268861319229071
安泰	4.641714595923404
萬物	6.183522037318345
不上	-4.194031207834067
作用	3.178295041468294
倏忽	11.311829387404325
可惜	4.338873937791817
菩提流支	20.582353707151636
山中	2.4005836234359648
精魂	7.271343841091147
大宗	0.7192608769141496
青天	2.217845759794467
消息	8.288875753857866
潦倒	8.315006719664565
商量	4.604227179812815
流水	4.630508135840957
四海	2.6084630212956967
四天下	10.414453730022204
大事	0.41365032798047613
安邦	2.595927059829601
忽然	7.411974952428263
海晏	8.004815076356635
軌則	6.345808279343761
轉變	5.577416754490916
常侍	3.594639570273566
棒喝	10.530304869834001
所謂	3.7112598016298173
見聞	2.510806167613198
袈裟	14.893170825577018
愛網	3.148328545737576
結案	2.920549232268272
滿目	2.6300495518440443
東南西北	24.825249751360747
新羅	3.5585486742587022
未有	1.069530982922381
馬頭	5.621023929307272
般若波羅蜜多	42.163290796959444
香林	2.88414322062737
念念	4.066408936021371
機宜	6.56924501424982
勇健	11.54729772503811
不行	0.31655983286980177
機鋒	8.751411666316828
粉骨碎身	31.255871875331543
老賊	2.9329179011007853
算數	9.175838423776263
成佛	2.8334728109655494
何須	2.3445179762009434
順行	1.292271237423444
覿面	10.599358111429051
蛟龍	10.329833264654203
露出	0.8832429387162561
道理	4.324201508165501
十三	1.6067609402147007
和尚	9.169650445549305
壁立	5.875063078006536
方知	0.5664016576378852
邪見	6.390942682085666
近日	2.1759990048903606
發憤	6.764847464810118
僧堂	4.1530050589567304
烏龜	8.301199324401907
格外	5.768406018915424
敗軍之將	22.214154918398272
解包	0.5986192870895107
翠嵒	14.181789963157426
大用	0.7589508294739515
末後	4.925825779014531
正法眼藏	17.122535055252076
生擒	3.4459496551038
石霜	9.945218294629699
言說	1.6046912563002644
詩家	1.0340978797227272
事相	0.30411880588681356
多用	0.9241463004954507
路上	1.553674617005092
一半	0.18109706854036636
寫照	0.42271899725985257
西北	7.240387931947269
說話	4.046400801750258
天際	-0.9635733412013098
徐徐	12.167877140338394
北門	3.3736507659470845
日後	1.0012771818189818
錦衣	6.483302266177195
咬嚼	12.692620541360622
水到渠成	24.478307658512804
論議	4.69791905346962
開示	6.858613752429301
無身	-1.4989132846222317
倒退	2.0076710887797384
重重	4.603172937043261
抵對	3.56358232151193
體空	1.255475622662781
洞然	6.005790923857699
生死	5.582549835154196
佛法	2.0696449178427816
什麼	10.506835248222007
滅佛	-2.3537622731315238
天性	-1.4544006418251183
手段	4.045148437886761
崔嵬	15.847567911421217
晨參暮請	29.057967370896023
牢關	7.071008941625586
張弓	9.543691143516485
鐵橛子	15.60197832774495
出事	-3.0558505004358705
了然	1.3942943450445993
韶國師	15.064517764746086
文章	4.323932001203073
參詳	6.534508044934391
一舉	0.3784426273173296
忍痛	2.6434358129503983
猶如	5.529826751837215
般若	4.754198320044969
何似生	4.162547496829405
投子	4.1095818667236195
刺破	2.564146499155247
果然	0.35957931308484464
尚書	8.155739381710992
保福	6.93270398054694
拓跋氏	21.209843365096813
老漢	4.869249750324157
大興	2.2033500534342245
可貴	3.111698032000744
聊城	2.96736164137019
那裏	4.876838710742966
過後	-0.12559394091347661
頂上	4.741055542441794
眾生	5.942991261812158
特地	2.411269490740577
莫如	-0.47519996744313187
不理會	3.649985976692975
棺木裏瞠眼	49.31964737728686
牛頭	6.470340920836527
塵埃	10.419540873296215
提起	-0.6085773483481236
夜間	-0.06180786163026752
枯木龍吟	32.1149464372561
轉去	-0.2651452287951023
回頭	6.457678421730958
精神	3.452335292643716
狂言	1.422557942319963
章句	7.15910691274412
起來	-1.974728471588832
人天眼目	16.904623421375597
直下	3.6795840624317853
四月	3.5143947430424904
不知	2.4467906638841654
大藏經	7.182724291235399
垂語	2.9255190793897867
紫陽	4.574605742642575
自古	2.7210772034042745
大乘	5.702223123764985
真珠	6.213891368171252
須菩提	15.162822501116484
機變	2.1166269632972217
追憶	7.489559652991666
金剛	9.432439590594692
下筆	2.6908330264613234
涅槃	10.00132453241797
衲子	6.221318314810161
彌天	0.5351524464800661
草草	4.384162653325467
鋒鋩	15.981397487732318
至道	0.42025176882305987
不用	1.145409463202171
出世	3.6935474938321544
坐化	0.9417971643393307
不覺	1.7984799192300815
不在	0.77831085639813
途中	2.779281885751169
乃至	7.964986112589926
常人	-1.7414984678044565
滿面	1.7661132307948166
渡江	9.216916805362654
劈面	8.126310406909328
丙丁	8.208466582582307
於是	1.4024215186474254
世間	6.813810715567149
第一義	9.887089875856667
代宗	5.768679506019513
廷尉	13.017644404842807
第六	4.633138394830754
下生	-0.38296199409997606
金翅鳥	21.6301474510934
指南	2.9720592145599936
逆順	7.3087149926078085
叢林	10.994122934714504
二字	2.1531187005739296
東邊	2.752730585451325
垂示	5.2998376885513965
慚惶	8.120841397037635
佛心天子	8.402080501292781
摩訶	5.2126340050420605
行氣	-2.8880526950814214
只贏得眼睛也落地	71.75782560614601
雨點	5.085854261376159
處在	0.5184725634072327
居士	9.219209138817314
六波羅蜜	21.919079694426497
雪上加霜	27.936509183511877
丹霄	10.32778890198652
本分	0.7213608444283652
單于	4.941880595688419
驢年	5.694140643633333
同時	2.7445301541620197
西家	1.1928894778782282
不無	-2.927027299339234
中有	2.3980601983497536
人見	0.6223908824394931
頒示	5.632866299911073
龍頭蛇尾	28.778734120239665
嗔怒	9.678324474650834
香客	-2.039234719129668
三寶	3.8482716941130466
流血	5.801069518094825
結草	2.7857762952218126
真諦	5.5718821908417295
初機	2.3482323285486544
佛果	1.811917403433721
轉語	0.6489117202623513
空處	1.6172438436505963
外道	6.028197927184311
理事	3.0664438717616083
直心	3.0051178397133875
悲心	3.102516424911462
吉日	2.131280861990693
問世	0.4381421870248602
料簡	12.049487632751129
馬大師	10.05344119321355
操持	4.879269400523242
人心	-0.25747093526545006
輕易	5.932454061175969
達磨	7.358771956341637
靈樹	3.313241884588588
南山	3.6624522469639205
釋迦	5.750909971253765
世尊	7.474854186626901
晚間	3.4398653002081376
碧玉	9.50694620750675
監院	8.399636563073937
得失	1.98611654739364
擔板漢	19.71074527776505
稼穡	16.402995179893882
從頭	1.9846154605838529
五位君臣	22.834157345253505
自由自在	13.38172416140668
如許	-0.15101292276236286
那邊	1.8166623038889078
切忌	5.600466877266041
豈可	4.932716966573317
三十六	9.300336422947797
合轍	4.569252606367284
回春	5.5653306346243605
定林寺	12.479102637757022
絲毫	11.91439947842671
去取	1.2375014662447017
真俗不二	12.177325387125457
老人	2.0898055661847135
法堂	1.6771668985471144
問訊	9.159193159039978
不復	1.2757341904627557
金身	-1.6366655729727653
當時	1.1899282670514033
非難	-0.626453642870253
大慧	3.3457308060369706
承當	3.9599631525526555
諸子	0.16058025627030773
心王	0.22577170968354995
飛禽	9.687844741007945
臨濟	9.33257396033267
甲辰	8.688666420080585
萬里	7.209993598462848
年中	1.7652712796023804
方便門	9.349410463045494
灑灑	8.750874189185442
問事	0.043940665256944386
不出	1.2283868731980017
上座	6.032346471489221
也是	-3.3481629611463535
萬般	-0.07114914346394899
剖析	12.55387382774983
漏逗	7.231256494389079
見到	1.428139949208115
我愛	1.0303520750778008
十八界	10.023879885331107
受記	3.903081929940903
遙觀	2.106656849977321
認定	4.918697658940647
詩曰	3.7909517525997036
一種	0.35973637259121316
打鼓	8.351989305106645
除非	0.31042027566673086
相似	5.986142291771824
推出	2.1675717027003336
不待	3.208363070944011
院主	5.7081518642429145
野狐精	18.437494996108363
鷓鴣	20.22210005959929
復有	3.630796951150197
出國	0.5159453832612281
出來	0.23939337634904978
過於	1.9403671610431323
苦瓜	3.620893131991673
志氣	4.106483802863963
恐怕	6.538519037471835
橫身	1.83259641679655
普請	3.8096692037877595
功德	8.960299750171785
所在	1.0312400585691162
一字	1.6497831658419948
縱橫	10.05568025943638
廓然無聖	20.10509670039424
以來	0.17771403722457835
喚作	5.2181260832942655
劈頭	5.799498133919363
境相	1.2935296177923874
正是	0.09450626257996442
動著	1.4895581888626663
雖然	3.6429079920145466
大才	-0.6551597679572959
大千	2.7465308539089692
怡然	5.864726852354257
大士	4.5574149537100235
金剛王寶劍	33.30161951446505
密使	0.23362365630595297
一喝	4.324913733201858
安營	0.23837505521151758
自性	5.155875606422564
淘米	11.842559630626459
有為	0.7531802840570229
繫驢橛	21.77153184904068
至聖	0.47518693022866815
高聲	4.529393097402595
關捩子	18.6523113847587
一喝如金剛王寶劍	58.84162100067732
不退	3.843246748576829
別人	-0.628654591697364
太虛	5.4768748268821
隨波	-1.020086341007973
智者	1.7494306518572142
拄杖	12.44500346639936
道者	0.2365409367702796
人人	-1.4729373662929248
扶籬摸壁	40.72754047552122
拈古	5.694048285502081
封一	0.23191333732901065
不落	0.8590694388457449
內人	0.15475047556983876
降魔	7.602236834396287
茸茸	16.02255857739088
威儀	9.903824233663489
好手	2.820449414096433
我見	2.177060359132116
三生	-2.427163793831016
日面佛月面佛	35.96838985621377
老僧	4.582678688764813
說經	0.5620575224402096
下去	0.6238191209445959
真知	-0.5846064431192214
大匠	1.6588499776969903
四智	0.34388797472140376
用處	-0.11309966006917781
婆子	-0.7492693292708683
體現	-1.0675526838198675
空腹	2.1578357462279003
擬議	8.202917325603417
兩句	5.664693814626116
無為	0.6543408172990123
異見	0.8711644816142134
成公	0.7789368533217393
下來	-1.5406404156802442
真實	6.333462928993088
出群	1.2858381547376834
問道	0.320997478530493
森羅萬象	28.219499509997032
馬大師不安	21.33507341549011
四方	2.8022118777248974
六賊	2.594162995646828
侍者	4.936284785952373
不免	3.578461310376434
從前	1.3599556769836019
解脫	7.9976691664115185
本色	-0.7795267400657203
光統	4.537879003731141
論戰	1.6232000006449931
一偈	2.2427976871417052
帝釋	6.650717613743915
頂門	1.3530417715286933
一千	2.135684526843857
臘月	7.719658806578819
身上	0.5975645430200146
聽取	1.0133806217995074
不顧	3.2944793548651345
第三	4.365228124720926
執著	6.619364392346856
擊碎	8.642200408411727
影像	9.278175777737957
三重	1.3450246282805094
脚踏	10.87543456451677
方冊	4.660823902964094
戊申	11.361575018328278
第一句	8.28153252235794
鉗鎚	15.164577582263307
設使	5.362641584298128
十五	3.34334307087703
有餘	2.4064107422918144
四百	2.6884076973638966
邪法	1.018433258432816
倒一說	2.8674065925738117
惡念	1.2321206007361285
見諦	3.1888834636770462
現在	6.36274400359873
遣使	7.675812801963613
泥水	3.5936591515442164
敲門	4.401365827791772
只管	10.172627202679022
不斷	2.1986182385549906
論說	1.2511444246988255
入室	5.040962346673755
氣概	7.023430939893339
飲氣吞聲	27.896929906124246
明明	-1.1020838072620351
點檢	9.78515619076226
工夫	6.5356923616735125
子實	-2.0994353474566645
其次	1.813977979705953
微笑	8.599888133315606
忍辱	10.21914673651801
今日	5.468484689540929
來日	-0.849308202083682
其實	2.067975836459542
若是	-0.3015390600067088
之外	1.8311832984706404
十方	4.661506631673144
至於	1.798112365340337
王詔	-0.25138766496682113
大小	4.472374153822392
過少	-0.45120321294333043
七花八裂	23.05930271257838
亡羊	4.333833979716952
天子	4.126057897412252
何以	4.68887247637788
龍潭	8.264522808525832
雨花	4.565222355561828
不信	2.712903263981572
十字街頭	24.995434409069553
大眾	3.355626453792885
一着	0.6334746043513907
曹源一滴水	39.89180362378922
聚頭	1.7138324001539642
難為	-1.2434356498583254
憎愛	7.695017429348765
澧州	11.51386562144654
陳操	7.339286062921257
出頭	1.7912911436065833
傍人	3.5771832483833506
西門	2.8843033460844536
是非	0.1915079085010128
五臟	7.8216002326409715
一大藏教	14.277284641354555
放行	-0.2384229881424458
波瀾	8.273925821433414
法戰	-1.1683251560972379
東南	6.152468602112028
日日	3.833652179185876
藏主	1.5813616918412061
頭上	3.3768963146671043
過去	8.053323410920187
子細	2.4323110355671944
在意	0.19912926400978762
古人	4.263836462619734
不必	1.3464702744236148
明珠	4.013405545939625
歷代	8.51360388507691
三十	1.6769851149903678
淺近	6.4497663782729004
葛藤	14.165613354675239
猶在	2.9463953206701787
一言	-1.9000048031685846
西邊	2.1727946488040346
太孤危生	21.12201417055877
兩邊	4.946434399377309
次第	5.8823790484802965
建立	9.301194582088653
長短	8.028913976028258
兩頭三面	17.53198120661064
末法	1.63463842696369
脚跟	12.749617099788976
大德	4.2421202732572905
萬法	2.0139591867840165
合取口	7.561732406568612
充滿	9.352519821459255
萬人	1.7165268209382811
不為	0.5474959510962136
樞機	9.637953616533544
一線	3.2034186736416146
腦後	5.266383802598102
汝等	4.993049310391738
甦醒	12.133419166740445
成群	1.1680699614684487
翠巖	11.169540066750248
飯頭	3.121003267756555
雪峯	11.01501268585616
一日	2.484496856772499
向上	2.9268472250203463
便當	1.034316546632594
徐行	3.952567023756717
低頭	9.133380813104411
理論	1.108678123410936
中國	1.1809218255670304
喜捨	2.97612602015889
看來	0.6498902294841146
彌勒佛	13.956260714012222
志向	-1.4292490100694895
活捉	4.7780473503444405
輕忽	4.857709746513106
魏孝明帝	24.070525934926035
五祖	3.5221799980376693
閃電	13.653231246820418
頭頭	3.440898410879648
舜若多	10.803355190606315
傲慢	9.998485081265791
有時	-0.4470390960316923
四句	5.047427581410194
往復	1.4728175824559067
屏風	6.0353666142028475
焚燒	10.421493425172681
則是	1.3755845630128978
日中	1.1354435689009084
顯赫	6.361002805525989
深入	3.9420105516430826
只要	5.956868803433569
心印	2.011864153719127
淵源	8.840945303750997
四十八	9.028313480264753
珠玉	6.791906491906701
精進	9.921337946654372
無法	-1.2305426000576956
空生	-2.332137032318963
墮在	3.623516138373989
陞座	10.634290998362607
覺知	3.349098927945228
行動	-0.41654520170716053
萬象	5.515826336887008
碑文	5.6731576590860024
出去	1.7632059210268956
面前	3.1835615446045136
一齊	-1.6245218577568692
合作	-0.1807321037069534
號曰	4.816722848444189
尋思	6.377182154247951
啐啄	16.818149153555286
從來	2.0775764304340942
意旨	4.59471529326733
長慶	5.670052604556564
不大	-3.637636120277803
不是	-2.0213454442257035
宇宙	14.917929814289767
相對	3.1249551223017593
塵勞	9.219440780125048
尊者	3.569941479819003
心機	-0.9562216709928177
國人	1.9628724368374264
日月	6.429078175985478
知音	0.6088873648608594
緩緩	10.525922249345562
玄微	4.4477180758720305
汾陽十八問	31.947220830591977
計較	9.011284303202968
普賢	8.245882796507942
明鏡	5.0402881530564505
桃花	8.654778028979871
大藏	0.6883896960875693
真俗二諦	18.656839543020894
利劍	5.8325013499564085
洒洒	13.673750728642778
兄弟	10.387746924080446
機電	3.4384270908098844
冷眼	2.479127610160522
權實	5.654891171814798
畢竟	10.239229675285427
眼目	4.742100653252444
承嗣	6.944349201428087
唯嫌揀擇	31.552546576536812
浩大	1.7251178277698034
人天	2.4679438857742766
今後	-0.7658897185780034
選佛	2.898799529173269
葱嶺	14.294231033626703
曹溪	11.536831135386509
慳貪	9.093996192300116
賣弄	9.041709194994093
幾曾	2.1197832188962495
上下	3.011936622503022
大機	2.600681866730201
清風	2.471808022934335
辜負	12.102765509409538
大敗	1.8312139461749743
蒼龍	4.654861794687727
天上	2.739426603218834
大行	-1.6415386181755383
令人	2.0646252829396268
心田	-0.7036680407329006
蒼天	4.204853269947779
下文	3.280787719526766
體勢	1.4859028624168162
道一	-3.233092004834224
昭明太子	22.60249701177723
禮拜	10.101064233063418
宴坐	10.20222497490704
胡來	1.0125217406660125
雕琢	14.541672576337138
獲得	5.203624509385336
挈挈	15.988976581231723
瞌睡	13.789754724484549
據傳	1.5476349897756494
抑揚	10.596809673899497
迦羅	3.332176300980162
火炬	5.744840698971308
俗諦	5.646171964552915
太平	6.34132725942672
門戶	5.722739998678899
翻案	2.741358936591052
臨機	6.426629859491937
忒殺	10.074611080571202
宗教	1.8512758424988012
果子	-0.37871419926940625
灼然	7.9140086416848945
分開	-0.7916966858133486
圜悟	10.659847273460096
撥開	5.025313426394519
陛下	8.22725396681047
須知	1.8989741817439527
拳頭	5.385092663019137
撥轉	4.278433970368986
接物利生	19.506756512220395
語句	1.9713099664637235
分明	2.53642555671463
許多	2.68585362722512
首座	6.6443151089905985
當面	1.0349100210570454
地底	0.7714503152214531
不到	1.5617230052523912
千變萬化	21.520878666984878
更加	4.818390778662763
鐵眼	0.5859086286106405
辨道	-0.29012979461817423
平生	0.8835416043966018
萬仞	9.057764030699872
開眼	2.5287010029369816
中說	1.6313535859642119
阿誰	3.6163379193989216
自然	5.090784642369358
走過	2.4476872404422805
破壞	7.270108168073499
參學	5.044464378071043
門外	2.7952670245706233
漫漫	10.791540288206393
同行	0.5699350497641683
時節	5.476341368519194
醍醐	16.159279213002975
年庚	7.573177543603325
左右	9.504919882393063
至今	1.4631322579734225
髑髏	16.659997200027366
信手	1.458180131427541
說破	-0.5396518668859175
摩竭提國	23.644645771155467
三昧	6.973082598495385
垂手	5.410009536296487
大方	-1.4021402473773317
何故	2.756565424389883
見道	2.896705656040391
男女	6.785706343892326
後學	1.8736454008140528
幽谷	9.53828470032964
退步	4.634183670465564
山僧	3.350278581569222
早知	1.7636581440689205
壽命	7.984866408106261
雪竇	13.38738990332199
公案	8.284550743702153
簡編	4.9043550545935695
未來	5.813666913816999
神妙	1.5937856338352074
興化	4.085989933966367
碧眼胡	19.47344493223047
春風	6.7208597965948345
不堪	3.865309989007962
然而	1.7407931318647072
千里	6.170888134878709
歡喜	10.091323064716184
無明	3.0012290785002746
家用	-0.801912809606934
用心	0.8442290027070083
頭道	-1.5396022239892488
第四	4.496654439631067
繞路	-0.1040918483526009
昨日	8.067788920562569
人間	2.862240977859038
舉一明三	11.947214450741958
何在	-1.0522165229823235
殺氣	1.3355337099251436
帷幄	17.616543208041264
造次	1.7403499681893708
一生	-1.0725353970809215
雲門	4.565289918883763
見外	0.06530990416625519
有機	-0.13026454355840852
並行	0.3879446049180417
放下	2.6596839671244976
蠢動	9.097242133597819
凡聖	5.723635909522892
平反	-2.986315659086462
六時	0.8103196187368563
運籌	7.218173102238693
何必	2.0894188061093977
三明	0.9619755876344284
大綱	4.391077792026831
然後	5.390397175173201
當頭	0.686361818415788
隨後	0.7066113464796213
智門	-0.6648612897601252
何時	0.03139961724211772
不見	2.5853884355318697
流出	3.952555046626963
遊歷	7.222284174838942
開口	4.229029179316309
尊宿	3.068395414210221
自由	0.2586421703909777
不論	-0.39743969236253057
應用	1.915894384038999
三十三天	16.129552186086038
祖傳	3.3851831060856252
多少	5.130586047523096
四維	5.089737312964341
行脚	3.6380674273681057
逆行	0.7810923547118173
坐具	4.070816595052635
弟子	8.304081224585241
煩惱	9.978584057120969
枯木	8.329279608996353
行者	1.6106856721400775
呵佛罵祖	24.977310824768676
形迹	2.766360233201062
田地	4.279558293941113
未曾有	12.894838505972714
指東劃西	30.865454384358575
自己	4.619248937980482
浩浩	13.858090629494754
凡是	0.3393271426820975
公子	1.8433022146730509
一時	1.828743870443344
天帝	3.86073217576585
氣息	6.302171757181578
諸天	4.204478213427162
八正	1.0966654177816202
無風起浪	20.357676823552733
謳歌	13.035680123549593
李廣	2.676945424578203
懺悔	11.407460070661863
透過	5.4206463153760325
前來	-0.2113953460749023
非有	2.0405368591424424
梵語	5.296169367838712
一言半句	15.567771532972543
酬唱	6.567148706190526
不得	2.760036847082055
婆羅門	14.885370700970045
心肝	4.8959574844470275
答話	5.921549228088073
後來	0.5247753210091123
奈何	4.956121334655696
飛騎將軍入虜庭	70.04036649207077
杜撰	8.404859458455478
十八	4.450222272398456
逆水	2.6010895767166025
茶飯	5.9453827952650355
狼籍	11.166985725198623
別處	0.20117347148708967
不及	0.9826894543560584
宗師	2.447679846609092
理會	2.5039888533102643
正在	0.07656736196771827
所以	3.3502155986552924
三十二	7.71162157541142
魔子	1.44774752941754
鰲山	9.243603418186314
明白	1.1229784444680913
正好	0.6764499484371455
舉起	1.1775253708163975
成道	2.007935532164559
帖子	2.676116763419495
心境	1.8030804724353837
丈夫	9.26556888413265
安心	1.0554010186691263
路邊	2.04119751235817
一一	0.9969580051531625
折挫	10.557994702633534
一邊	0.8113447066544539
大師	3.1746536484821877
無人	-0.6570971824647152
不通	0.4304306756228623
道路	4.682242626076806
並立	2.37121556566517
甚至	-1.7613928353595418
破滅	1.2763909986784403
未來世	11.07412444330524
向下	2.3028865869791235
歸宗	5.162420287991302
話頭	7.6924518295401425
諸法	3.2990620472522396
趙州	10.998464241408886
活計	6.881544042859639
出自	-0.09074150589358862
得無	1.1835593187821258
現前	4.94609667344345
星辰	10.839750912725709
方便力	12.06389234632825
風光可愛	14.278680011928401
動地	2.4583593122065643
髑髏裏眼睛	53.249631051281604
心膽	2.97492743657903
更為	0.7853747251341753
傳法	2.15839887609542
幾乎	4.63312154527459
作者	0.9745425976529465
三世	2.6770802166360177
沙門	7.84465913760225
正法	3.515176786875964
玄沙	5.119903198870247
空中	2.3221372251949486
度僧	1.8342213828845508
河北	5.524262020943107
本來	3.007640967461928
觀音	4.476464415762679
不移	3.6864070011843677
成敗	5.246139093692113
天堂	2.7294987904818955
童子	7.745760705068072
知法	0.07703933057280607
縱觀	0.7834641272931073
之後	2.0740348936027857
錯用	4.146765393250926
作案	-3.3148791197017116
超出	4.473212082390931
著語	-0.02244453690553554
將軍	7.988775533075239
一下	-1.3016711494057407
須彌座	10.49527037800113
夾山	8.448628707552674
七支	3.3989081030361543
不二	-0.4937613317662002
難處	1.316787166852061
頭角	4.892482680457176
善知識	11.866300404051477
臂膊	9.212298782976735
蒲團	11.492189422619184
